Individual,Fitness,Precision,Recall,Overall_Accuracy,Harmonic_Mean,Weighted_Kappa,Tree
0,0.35441591190246613,0.38406821462178753,0.4059454773308918,0.9548261666666668,0.35441591190246613,0.33655037097032386,"F.Filter_Gaussian4(F.Log_Image(F.Half_Image(F.Exp_Image(F.Img_Div(F.Filter_Gaussian4(F.Half_Image(F.Filter_Gaussian1(F.Exp_Image(F.Img_Div(F.Filter_Gaussian4(F.Img_Div(R, B)), F.Exp_Image(F.Filter_Gaussian1(F.Half_Image(F.Img_Div(I, B))))))))), F.Exp_Image(F.Filter_Gaussian1(F.Half_Image(F.Img_Div(I, B)))))))))"
1,0.2617076266594992,0.3864652382700396,0.23212781767923815,0.9618112222222223,0.2617076266594992,0.26654851811080194,"F.Log_Image(F.Sqrt_Image(F.DX(F.DY(F.Filter_Gaussian1(F.Log_Image(F.Filter_Gaussian4(F.Img_Div(R, B))))))))"
2,0.17698411007623988,0.38532198278066915,0.12779184998685145,0.9642826111111111,0.17698411007623988,0.19468269123639068,"F.Filter_Gaussian1(F.DY(F.Filter_Gaussian1(F.Log_Image(F.Filter_Gaussian4(F.Img_Div(R, B))))))"
3,0.12623844959643812,0.08368603266116152,0.3319925957975399,0.8517415555555555,0.12623844959643812,0.06793259722788318,"F.Filter_Gaussian1(F.DY(F.Filter_Gaussian1(F.Filter_Gaussian1(F.Half_Image(F.Exp_Image(F.Img_Div(F.Filter_Gaussian4(F.Img_Div(R, B)), F.Exp_Image(F.Filter_Gaussian4(I)))))))))"
4,0.0,0.0,0.0,0.9665127777777778,0.0,0.0,"F.Filter_Gaussian4(F.Log_Image(F.Half_Image(F.Filter_Gaussian1(F.Img_Div(I, B)))))"
5,0.010541366806095704,0.37996471011664185,0.005445018604295677,0.9665106111111111,0.010541366806095707,0.014236813799285602,"F.Log_Image(F.Half_Image(F.Filter_Gaussian1(F.Img_Div(R, B))))"
6,0.16426379635691243,0.09415296081366947,0.8405458694785511,0.6974892777777777,0.16426379635691243,0.08942737917264228,"F.Log_Image(F.Filter_Gaussian4(F.DY(F.DX(F.Exp_Image(F.DX(F.Half_Image(F.Filter_Gaussian4(F.Exp_Image(F.Img_Div(F.Filter_Gaussian4(F.Img_Div(R, B)), F.Exp_Image(F.Filter_Gaussian1(F.Half_Image(F.Img_Div(I, B))))))))))))))"
7,0.17132874255493583,0.36853121067138717,0.1236164106882704,0.9654855555555555,0.17132874255493583,0.1903212213157427,"F.Filter_Gaussian4(F.Log_Image(F.Half_Image(F.Filter_Gaussian1(F.Exp_Image(F.Img_Div(F.Filter_Gaussian4(F.Half_Image(F.DY(F.Filter_Gaussian4(F.Log_Image(F.Filter_Gaussian4(F.Img_Div(R, B))))))), F.Exp_Image(F.Filter_Gaussian4(I))))))))"
8,0.32815614841545226,0.3298443797072009,0.40854628215842526,0.9517604444444444,0.3281561484154522,0.29980794153072277,"F.Filter_Gaussian3(F.Sqrt_Image(F.DY(F.Log_Image(F.Sqrt_Image(F.DX(F.DY(F.Filter_Gaussian1(F.Log_Image(F.Filter_Gaussian4(F.Img_Div(R, B)))))))))))"
9,1.1757789535567314e-05,0.0007692307692307692,5.924170616113745e-06,0.9661768333333334,1.1757789535567314e-05,-0.000756025401694918,"F.Log_Image(F.Half_Image(F.Filter_Gaussian1(F.Half_Image(F.Filter_Gaussian1(F.Filter_Gaussian4(F.DX(F.Exp_Image(F.Log_Image(F.Img_Sum(F.Img_Sub(B, I), F.Img_Sum(NIR, G)))))))))))"
10,0.05624885309717223,0.2921887560483218,0.03351738826538884,0.9654633333333333,0.05624885309717223,0.06721019340960444,"F.Filter_Gaussian1(F.Half_Image(F.Img_Div(I, B)))"
11,0.12322508274091291,0.06802411010169716,0.892298545398574,0.5646561111111111,0.12322508274091291,0.05231368024721235,"F.Log_Image(F.DY(F.DY(F.Exp_Image(F.Log_Image(F.DY(F.Filter_Gaussian1(F.Exp_Image(F.Img_Div(F.Filter_Gaussian4(F.Img_Div(R, B)), F.Exp_Image(F.Filter_Gaussian1(F.Half_Image(F.Img_Div(I, B)))))))))))))"
12,0.0,0.0,0.0,0.9665127777777778,0.0,0.0,"F.Log_Image(F.Half_Image(F.Filter_Gaussian1(F.Exp_Image(F.Img_Div(F.Filter_Gaussian4(F.Half_Image(F.Filter_Gaussian1(F.Log_Image(F.Filter_Gaussian4(F.Img_Div(R, B)))))), F.Exp_Image(F.Filter_Gaussian1(F.Half_Image(F.Img_Div(I, B)))))))))"
13,0.0,0.0,0.0,0.9665127777777778,0.0,0.0,"F.Filter_Gaussian4(F.Log_Image(F.Half_Image(F.Filter_Gaussian1(F.Log_Image(F.Img_Div(R, B))))))"
14,0.1440356273037031,0.09474309735373138,0.3896631737584272,0.8535522777777778,0.1440356273037031,0.08341677931055051,"F.Filter_Gaussian3(F.Log_Image(F.Half_Image(F.Filter_Gaussian1(F.DY(F.Filter_Gaussian1(F.Exp_Image(F.Img_Div(F.Filter_Gaussian4(F.Img_Div(R, B)), F.Exp_Image(F.Filter_Gaussian4(I))))))))))"
15,0.0,0.0,0.0,0.9665127777777778,0.0,0.0,"F.Log_Image(F.Filter_Gaussian4(F.DX(F.Exp_Image(F.Log_Image(F.Filter_Gaussian4(F.DY(F.Filter_Gaussian2(F.Sqrt_Image(F.Img_Sub(G, I))))))))))"
16,0.2771654511442703,0.3186256412609428,0.29977749863433995,0.9502782222222222,0.2771654511442703,0.26006035785774323,"F.Log_Image(F.Half_Image(F.Filter_Gaussian1(F.Exp_Image(F.Img_Div(F.Filter_Gaussian4(F.Img_Div(R, B)), F.Exp_Image(F.Log_Image(F.Filter_Gaussian4(F.Img_Div(R, B)))))))))"
17,0.1204465847228553,0.2741738372112814,0.085163574272121,0.9626196666666667,0.12044658472285531,0.12913585716563972,"F.Filter_Gaussian1(F.DY(F.Filter_Gaussian1(F.Filter_Gaussian1(F.Half_Image(F.Img_Div(I, B))))))"
18,0.07341182129011037,0.03949178798956096,0.7167733293922257,0.39170961111111113,0.07341182129011037,0.00917002728558562,"F.Filter_Gaussian4(F.Log_Image(F.Half_Image(F.DX(F.Exp_Image(F.Filter_Gaussian3(F.Img_Sum(F.Img_Div(I, NIR), F.Exp_Image(I))))))))"
19,0.0,0.0,0.0,0.9665127777777778,0.0,0.0,F.Log_Image(F.Filter_Gaussian4(F.Log_Image(F.Exp_Image(NIR))))
20,0.06347988273644521,0.03466905371390412,0.5118517201914612,0.5045218888888888,0.0634798827364452,0.0018129941940833456,"F.Img_Sub(F.Filter_Gaussian3(F.Filter_Gaussian4(F.Half_Image(F.Filter_Gaussian5(F.Filter_Gaussian4(F.Img_Sum(F.Exp_Image(F.Log_Image(F.Filter_Gaussian5(F.Filter_Gaussian5(G)))), F.Filter_Gaussian4(REG))))))), F.DY(R))"
21,0.23604330541185356,0.29647019254503043,0.2318546479511783,0.9559187777777777,0.23604330541185356,0.22621785922732995,"F.Filter_Gaussian1(F.DY(F.Filter_Gaussian1(F.DY(F.DY(F.Filter_Gaussian1(F.Log_Image(F.Filter_Gaussian4(F.Img_Div(R, B)))))))))"
22,0.36190015584087054,0.366426246908365,0.4418725410775317,0.9515028888888889,0.36190015584087054,0.3357415278463654,"F.Log_Image(F.Half_Image(F.Filter_Gaussian1(F.Exp_Image(F.Img_Div(F.Filter_Gaussian4(F.Half_Image(F.Filter_Gaussian1(F.Exp_Image(F.Img_Div(F.Filter_Gaussian4(F.Img_Div(R, B)), F.Exp_Image(F.Filter_Gaussian1(F.Half_Image(F.Img_Div(I, B))))))))), F.Exp_Image(F.Filter_Gaussian1(F.Half_Image(F.Img_Div(I, B)))))))))"
23,0.08682131641991607,0.4085250813575755,0.05103731478533909,0.9659356666666666,0.08682131641991608,0.10659551875296454,"F.Log_Image(F.Half_Image(F.DY(F.Filter_Gaussian1(F.Log_Image(F.Filter_Gaussian4(F.Img_Div(R, B)))))))"
24,0.1587021587317869,0.09918608686695697,0.5153325974580903,0.8217925555555555,0.1587021587317869,0.09239085318703402,"F.Log_Image(F.Sqrt_Image(F.DX(F.Filter_Gaussian1(F.Exp_Image(F.Img_Div(F.Filter_Gaussian4(F.Img_Div(R, B)), F.Exp_Image(F.Filter_Gaussian1(F.DY(F.Filter_Gaussian1(F.Half_Image(F.Img_Div(I, B))))))))))))"
25,0.04477753904160665,0.038952794433109596,0.09310903158880127,0.7548528333333334,0.04477753904160665,-0.0013967073201553131,F.Log_Image(F.Exp_Image(F.Filter_Gaussian4(I)))
26,0.01152226809502361,0.009240162130639263,0.023888026496023073,0.8690867777777777,0.01152226809502361,-0.030373379389393412,"F.Filter_Gaussian4(F.Log_Image(F.Half_Image(F.Filter_Gaussian1(F.Exp_Image(F.Img_Div(F.Filter_Gaussian4(F.Img_Div(R, B)), F.Half_Image(F.Filter_Gaussian1(F.Exp_Image(F.Img_Div(F.Filter_Gaussian4(F.Img_Div(R, B)), F.Exp_Image(F.Filter_Gaussian1(F.Half_Image(F.Img_Div(I, B))))))))))))))"
27,0.0,0.0,0.0,0.9665127777777778,0.0,0.0,F.Filter_Gaussian4(F.Log_Image(F.Half_Image(F.Filter_Gaussian1(F.Exp_Image(F.Filter_Gaussian4(I))))))
28,0.0,0.0,0.0,0.9665127777777778,0.0,0.0,"F.Log_Image(F.Half_Image(F.Filter_Gaussian1(F.Exp_Image(F.Img_Div(F.Filter_Gaussian4(F.Img_Div(R, B)), F.Exp_Image(F.Img_Div(F.Filter_Gaussian4(F.Img_Div(R, B)), F.Exp_Image(F.Filter_Gaussian4(I)))))))))"
29,0.0,0.0,0.0,0.9665127777777778,0.0,0.0,F.Filter_Gaussian4(F.Log_Image(F.Filter_Gaussian5(F.Half_Image(F.Filter_Gaussian4(F.Filter_Gaussian3(I))))))
30,0.03249157292905203,0.02224378610523611,0.08118429353083202,0.8407182222222223,0.03249157292905203,-0.01574170070394616,F.DY(F.Half_Image(F.Filter_Gaussian4(F.Exp_Image(F.Filter_Gaussian5(F.Filter_Gaussian4(F.DY(R)))))))
31,0.04430841052635,0.031557362651835105,0.10280855421986736,0.8591652777777778,0.04430841052635,-0.002973686660499024,"F.DY(F.Filter_Gaussian5(F.Filter_Gaussian1(F.Exp_Image(F.Log_Image(F.Filter_Gaussian4(F.Img_Sum(F.Exp_Image(F.Sqrt_Image(F.Filter_Gaussian5(F.Img_Div(B, REG)))), F.Filter_Gaussian5(G))))))))"
32,0.19435803527221618,0.18351787418526075,0.24786261466242138,0.9371355,0.19435803527221618,0.15965187481635776,"F.Filter_Gaussian3(F.DX(F.Exp_Image(F.Img_Div(F.Filter_Gaussian4(F.Img_Div(R, B)), F.Img_Div(F.Filter_Gaussian4(F.Img_Div(R, B)), F.Exp_Image(F.Filter_Gaussian1(F.Half_Image(F.Img_Div(I, B)))))))))"
33,0.1277133399169058,0.26311884015595566,0.09382805147965678,0.9617737222222221,0.1277133399169058,0.13411028096792987,"F.Log_Image(F.Sqrt_Image(F.DX(F.Log_Image(F.Exp_Image(F.Filter_Gaussian1(F.Half_Image(F.Img_Div(I, B))))))))"
34,0.1663566047599648,0.4003175283593093,0.11615662690736459,0.964361888888889,0.1663566047599648,0.18639186445389633,"F.Log_Image(F.DX(F.Log_Image(F.Exp_Image(F.Log_Image(F.Filter_Gaussian4(F.Img_Div(R, B)))))))"
35,0.10609656730555113,0.06227439824628041,0.4736135299539388,0.7349694444444443,0.10609656730555113,0.042003642664861146,"F.Log_Image(F.Half_Image(F.Filter_Gaussian1(F.Half_Image(F.DY(F.Filter_Gaussian4(F.DX(F.Img_Div(R, B))))))))"
36,0.06000422519126064,0.03233987798484012,0.5715284018220941,0.4115110555555556,0.060004225191260654,-0.0017798859494453983,"F.Img_Multi(F.Img_Sum(F.Filter_Gaussian1(F.Filter_Gaussian1(F.Filter_Gaussian5(F.Img_Multi(F.Filter_Gaussian4(F.Filter_Gaussian5(F.DY(F.Filter_Gaussian1(F.Half_Image(F.DX(REG)))))), F.Img_Sum(G, B))))), F.Filter_Gaussian4(B)), F.Img_Div(REG, B))"
37,0.0,0.0,0.0,0.9665127777777778,0.0,0.0,"F.Log_Image(F.Half_Image(F.Filter_Gaussian1(F.DY(F.Filter_Gaussian4(F.Log_Image(F.Half_Image(F.Img_Div(I, B))))))))"
38,0.16410365584575243,0.09717946100316016,0.6641404069497568,0.7766155,0.16410365584575243,0.09253725695152258,"F.Log_Image(F.Filter_Gaussian4(F.DX(F.Exp_Image(F.Log_Image(F.Filter_Gaussian4(F.DY(F.Filter_Gaussian1(F.Filter_Gaussian4(F.Img_Div(R, B))))))))))"
39,0.06413671303473936,0.03355152929173619,0.9980311094678782,0.03738388888888889,0.06413671303473936,0.0001007731210355911,"F.Img_Div(R, B)"
40,0.32815614841545226,0.3298443797072009,0.40854628215842526,0.9517604444444444,0.3281561484154522,0.29980794153072277,"F.Filter_Gaussian3(F.Sqrt_Image(F.DY(F.Log_Image(F.Sqrt_Image(F.DX(F.DY(F.Filter_Gaussian1(F.Log_Image(F.Filter_Gaussian4(F.Img_Div(R, B)))))))))))"
41,0.18224061510728665,0.27924611779430675,0.15385362815474277,0.9590128333333334,0.18224061510728665,0.1826326922253505,"F.Log_Image(F.Img_Div(R, B))"
42,0.0638736201061438,0.03341909242829291,0.9895324782516229,0.04005344444444445,0.0638736201061438,-2.944557626855526e-05,"F.Filter_Gaussian4(F.Sqrt_Image(F.DY(F.Half_Image(F.Sqrt_Image(F.DX(F.DY(F.Filter_Gaussian1(F.Filter_Gaussian3(F.DY(F.Img_Div(NIR, G)))))))))))"
43,0.15231894719633482,0.40971989478582754,0.10263185082469711,0.9653106111111112,0.15231894719633482,0.17417207851939523,"F.Filter_Gaussian3(F.Log_Image(F.Half_Image(F.Filter_Gaussian1(F.DY(F.Filter_Gaussian1(F.Log_Image(F.Img_Div(R, B))))))))"
44,0.3382878500713896,0.3456583251707188,0.4141832203654826,0.9505247222222222,0.3382878500713896,0.31214472862544035,"F.Filter_Gaussian4(F.Log_Image(F.Half_Image(F.Filter_Gaussian1(F.Exp_Image(F.Img_Div(F.Half_Image(F.Filter_Gaussian1(F.Exp_Image(F.Img_Div(F.Filter_Gaussian4(F.Img_Div(R, B)), F.Exp_Image(F.Filter_Gaussian4(I)))))), F.Exp_Image(F.Filter_Gaussian4(I))))))))"
45,0.01095593339876082,0.034903251152782276,0.007797843340929831,0.9496858333333332,0.01095593339876082,-0.0060825673474265715,"F.Log_Image(F.Img_Sum(I, REG))"
46,0.0,0.0,0.0,0.9665127777777778,0.0,0.0,"F.Filter_Gaussian1(F.DX(F.Log_Image(F.Img_Div(F.Img_Sub(NIR, NIR), F.Img_Multi(B, B)))))"
47,0.0005415293329545216,0.04888217338217338,0.00027521287305408155,0.9665220555555556,0.0005415293329545216,0.0007227760828584789,"F.Log_Image(F.Half_Image(F.Filter_Gaussian1(F.Exp_Image(F.Img_Div(F.Filter_Gaussian4(F.Img_Div(R, B)), F.Exp_Image(F.Filter_Gaussian1(F.Exp_Image(F.Filter_Gaussian1(F.Half_Image(F.Img_Div(I, B)))))))))))"
48,0.07370571234816291,0.03914511397848583,0.8430340929457507,0.2942460555555556,0.07370571234816291,0.008751411273551404,"F.Filter_Gaussian4(F.Log_Image(F.Half_Image(F.Exp_Image(F.Img_Div(F.Filter_Gaussian4(F.Half_Image(F.Filter_Gaussian1(F.Exp_Image(F.Img_Div(F.Filter_Gaussian4(F.Img_Div(R, B)), F.Half_Image(F.Img_Div(I, B))))))), F.Exp_Image(F.Filter_Gaussian1(F.Half_Image(F.Exp_Image(F.Filter_Gaussian1(F.Half_Image(F.Img_Div(I, B))))))))))))"
49,0.041527771691171465,0.3138671260229006,0.023686879590351692,0.9663768333333332,0.041527771691171465,0.052107600139786193,"F.Filter_Gaussian3(F.Sqrt_Image(F.DY(F.Log_Image(F.Filter_Gaussian1(F.Half_Image(F.Img_Div(I, B)))))))"
50,0.14617388929047354,0.41351427557009635,0.1023753362282784,0.9663809999999999,0.14617388929047354,0.16838346264186832,"F.Log_Image(F.DY(F.DY(F.Filter_Gaussian1(F.Log_Image(F.Img_Div(F.Filter_Gaussian4(F.Img_Div(R, B)), F.Exp_Image(F.Sqrt_Image(F.DX(F.DY(F.Filter_Gaussian1(F.Log_Image(F.Filter_Gaussian4(F.Img_Div(R, B))))))))))))))"
51,0.06518876271969999,0.03671133606938125,0.41469436631206874,0.581630388888889,0.06518876271969999,0.004699748742461751,"F.Img_Div(F.Sqrt_Image(F.Img_Sum(NIR, I)), F.Half_Image(REG))"
52,0.08397201223822075,0.044753329884179696,0.9656658480051524,0.27918716666666665,0.08397201223822073,0.01742519010878032,"F.Log_Image(F.Half_Image(F.Filter_Gaussian1(F.Exp_Image(F.Img_Div(F.Filter_Gaussian1(F.Exp_Image(F.Img_Div(F.Filter_Gaussian4(F.Img_Div(R, B)), F.Exp_Image(F.Filter_Gaussian4(I))))), F.Exp_Image(F.Filter_Gaussian1(F.Half_Image(F.Img_Div(I, B)))))))))"
53,0.3599023268642466,0.37420627101960124,0.4280329185551959,0.9530511111111111,0.3599023268642466,0.3369776628598916,"F.Half_Image(F.Filter_Gaussian4(F.Half_Image(F.Filter_Gaussian1(F.Exp_Image(F.Img_Div(F.Filter_Gaussian4(F.Img_Div(R, B)), F.Exp_Image(F.Filter_Gaussian1(F.Half_Image(F.Img_Div(I, B))))))))))"
54,0.0,0.0,0.0,0.9665127777777778,0.0,0.0,F.Log_Image(F.Sqrt_Image(F.Sqrt_Image(F.DY(F.Filter_Gaussian2(F.Log_Image(F.Filter_Gaussian4(F.Filter_Gaussian3(I))))))))
55,0.26837822766928,0.3084258105562608,0.28640049911242704,0.9585355,0.26837822766928,0.2567614877301871,"F.Filter_Gaussian4(F.Log_Image(F.Half_Image(F.Filter_Gaussian1(F.Log_Image(F.Filter_Gaussian4(F.DY(F.DX(F.Exp_Image(F.DX(F.Half_Image(F.Filter_Gaussian4(F.Img_Div(R, B)))))))))))))"
56,0.06402455842866246,0.03348722222222222,1.0,0.03348722222222222,0.06402455842866246,0.0,"F.Exp_Image(F.Img_Div(F.Filter_Gaussian4(F.Img_Div(R, B)), F.Exp_Image(F.Filter_Gaussian4(I))))"
57,0.0,0.0,0.0,0.9665127777777778,0.0,0.0,"F.Img_Multi(F.Half_Image(F.Img_Div(F.Img_Sum(F.Log_Image(F.Filter_Gaussian4(F.Exp_Image(I))), F.Filter_Gaussian2(REG)), F.Filter_Gaussian4(REG))), F.Log_Image(B))"
58,0.06402457212565446,0.033487229470594876,1.0,0.033487555555555555,0.06402457212565446,1.1199629772473685e-08,"F.Filter_Gaussian3(F.Log_Image(F.DY(F.Filter_Gaussian1(F.Img_Div(F.Img_Div(I, B), F.DY(B))))))"
59,0.09317689307891922,0.25787597706568705,0.061382052425650625,0.9631956666666668,0.09317689307891922,0.10228390944844286,"F.DY(F.Filter_Gaussian1(F.Half_Image(F.Img_Div(I, B))))"
60,0.30427730581550916,0.2966516850284178,0.38808473009052946,0.9487124444444445,0.30427730581550916,0.27328322340113753,"F.Log_Image(F.Filter_Gaussian4(F.DX(F.Log_Image(F.Filter_Gaussian4(F.Filter_Gaussian1(F.DY(F.Filter_Gaussian1(F.Log_Image(F.Filter_Gaussian4(F.Img_Div(R, B)))))))))))"
61,0.3294565321080644,0.3419480594280212,0.39895412142120945,0.9502335555555556,0.3294565321080644,0.3035266581496161,"F.Log_Image(F.Half_Image(F.Filter_Gaussian1(F.Exp_Image(F.Img_Div(F.Filter_Gaussian4(F.Img_Div(R, B)), F.Exp_Image(F.Filter_Gaussian4(I)))))))"
62,0.14726146609708496,0.08535825748561736,0.6917485905276157,0.737281,0.14726146609708496,0.07646842675925822,"F.Log_Image(F.DY(F.DY(F.Filter_Gaussian1(F.Exp_Image(F.Img_Div(F.Half_Image(F.Filter_Gaussian1(F.Exp_Image(F.Img_Div(F.Filter_Gaussian4(F.Img_Div(R, B)), F.Exp_Image(F.Filter_Gaussian4(I)))))), F.Exp_Image(F.Filter_Gaussian4(I))))))))"
63,0.0,0.0,0.0,0.9665125555555555,0.0,-6.637852151425428e-07,"F.Log_Image(F.Half_Image(F.Filter_Gaussian1(F.Exp_Image(F.Img_Div(F.Filter_Gaussian4(F.Img_Div(R, B)), F.Exp_Image(F.Filter_Gaussian1(F.Img_Div(R, B))))))))"
64,0.01088301289332224,0.20338921957193,0.005658545288045862,0.9660187777777779,0.01088301289332224,0.013310048386643895,"F.Log_Image(F.Half_Image(F.Img_Div(I, B)))"
65,0.008742484231173098,0.1547025749871369,0.004633407477386307,0.9665216111111112,0.008742484231173098,0.011688132023866617,"F.Half_Image(F.DY(F.Filter_Gaussian4(F.Filter_Gaussian2(F.Filter_Gaussian1(F.Half_Image(F.Img_Div(I, B)))))))"
66,0.0,0.0,0.0,0.9665127777777778,0.0,0.0,"F.Log_Image(F.Sqrt_Image(F.Log_Image(F.DY(F.Filter_Gaussian1(F.Log_Image(F.Filter_Gaussian4(F.Img_Div(R, B))))))))"
67,0.29921143938346245,0.26733782502218545,0.43051286621294854,0.9402301666666666,0.29921143938346245,0.2583026352111845,"F.Log_Image(F.DX(F.Sqrt_Image(F.DX(F.DY(F.Filter_Gaussian1(F.DX(F.DY(F.Filter_Gaussian1(F.Log_Image(F.Filter_Gaussian4(F.Img_Div(R, B))))))))))))"
68,0.091058118027327,0.049856803242546655,0.7096307143099615,0.5478450555555555,0.091058118027327,0.025009686345002412,"F.Filter_Gaussian2(F.DY(F.Filter_Gaussian3(F.Exp_Image(F.DY(F.Filter_Gaussian4(F.Img_Div(B, I)))))))"
69,0.026545637508526676,0.02381921557579278,0.03688294128329414,0.9179822777777776,0.026545637508526676,-0.010475683270765354,"F.Filter_Gaussian5(F.Sqrt_Image(F.DY(F.Filter_Gaussian1(F.Img_Sub(F.Img_Div(I, I), F.Log_Image(B))))))"
70,0.07078158159653405,0.041139171154009994,0.3563914259285121,0.6909370555555556,0.07078158159653405,0.01104609229836975,F.Filter_Gaussian3(F.Sqrt_Image(F.Filter_Gaussian4(F.DX(F.Filter_Gaussian4(I)))))
71,0.02188110191509746,0.012070309854053204,0.1594827370793959,0.5144880555555555,0.02188110191509746,-0.0327215718554163,"F.Log_Image(F.Img_Div(F.Filter_Gaussian3(F.Img_Div(G, B)), F.Filter_Gaussian4(F.Filter_Gaussian1(F.Half_Image(F.Img_Multi(NIR, G))))))"
72,0.307034382048777,0.3437645981550697,0.3424258244797509,0.9512598333333332,0.307034382048777,0.2887403344010809,"F.Log_Image(F.Half_Image(F.Filter_Gaussian1(F.Exp_Image(F.Img_Div(F.Filter_Gaussian4(F.Img_Div(R, B)), F.Exp_Image(F.Filter_Gaussian1(F.DY(F.Log_Image(F.Filter_Gaussian4(F.Img_Div(R, B)))))))))))"
73,0.0003042596348884381,0.005,0.00015690376569037657,0.9665121111111111,0.0003042596348884381,0.00042309317215803,"F.Log_Image(F.Filter_Gaussian4(F.DX(F.Exp_Image(F.Log_Image(F.Filter_Gaussian4(F.Half_Image(F.Img_Div(I, B))))))))"
74,0.06402455842866246,0.03348722222222222,1.0,0.03348722222222222,0.06402455842866246,0.0,F.Filter_Gaussian4(I)
75,0.00023888791209261502,0.01,0.00012088802090182979,0.966512,0.00023888791209261502,0.0003334956137666534,"F.Filter_Gaussian4(F.Log_Image(F.Filter_Gaussian4(F.Log_Image(F.Half_Image(F.DY(F.Exp_Image(F.Filter_Gaussian4(F.Log_Image(F.Filter_Gaussian4(F.Filter_Gaussian4(F.DX(F.Half_Image(F.Img_Div(I, B))))))))))))))"
76,0.06402455842866246,0.03348722222222222,1.0,0.03348722222222222,0.06402455842866246,0.0,"F.Filter_Gaussian1(F.Filter_Gaussian1(F.Exp_Image(F.Img_Div(F.Half_Image(F.Filter_Gaussian1(F.Exp_Image(F.Img_Div(F.Filter_Gaussian4(F.Img_Div(R, B)), F.Exp_Image(F.Filter_Gaussian4(I)))))), F.Exp_Image(F.Filter_Gaussian4(I))))))"
77,0.0,0.0,0.0,0.9665127777777778,0.0,0.0,"F.Log_Image(F.Half_Image(F.Img_Div(F.Half_Image(F.Img_Div(F.Filter_Gaussian4(F.Half_Image(REG)), F.Exp_Image(F.Filter_Gaussian1(F.Half_Image(F.Img_Div(B, NIR)))))), F.Filter_Gaussian1(REG))))"
78,0.3272891304123241,0.3272486903344945,0.4093124843312068,0.9514131111111109,0.3272891304123241,0.2984140862040774,"F.Log_Image(F.DX(F.Sqrt_Image(F.DX(F.DY(F.Filter_Gaussian1(F.Log_Image(F.DY(F.Filter_Gaussian1(F.Log_Image(F.Filter_Gaussian4(F.Img_Div(R, B))))))))))))"
79,0.329838251459611,0.3579309677618373,0.38089780902122067,0.9531941666666667,0.32983825145961093,0.3102305633450387,"F.Filter_Gaussian4(F.Log_Image(F.Half_Image(F.Filter_Gaussian1(F.Exp_Image(F.Img_Div(F.Filter_Gaussian4(F.Img_Div(R, B)), F.Exp_Image(F.Filter_Gaussian4(I))))))))"
80,0.2740374928943022,0.2779722421291902,0.3320045210343239,0.9537123333333333,0.27403749289430224,0.25112479349520705,"F.Log_Image(F.Filter_Gaussian4(F.DY(F.DX(F.Exp_Image(F.DX(F.Half_Image(F.Filter_Gaussian4(F.Img_Div(R, B)))))))))"
81,0.22276406663723664,0.24465656678402659,0.24756451547157218,0.9513347777777779,0.22276406663723664,0.20167565539628873,"F.Log_Image(F.Filter_Gaussian4(F.DX(F.Exp_Image(F.Log_Image(F.Filter_Gaussian4(F.DY(F.Filter_Gaussian1(F.Half_Image(F.Img_Div(I, B))))))))))"
82,0.047986287887164886,0.42176641964426664,0.026367988270213184,0.9666509444444443,0.047986287887164886,0.06272335126733868,"F.Log_Image(F.Half_Image(F.Filter_Gaussian1(F.Half_Image(F.DY(F.Filter_Gaussian4(F.Log_Image(F.Img_Div(R, B))))))))"
83,0.11258049215668403,0.4067021360851201,0.06992407779620721,0.965376,0.11258049215668403,0.1337499172479003,"F.DX(F.Exp_Image(F.Log_Image(F.Filter_Gaussian4(F.Img_Div(R, B)))))"
84,0.3553291837907716,0.3613743727709793,0.4366906985456835,0.9506171666666667,0.3553291837907716,0.3277178462434026,"F.Log_Image(F.Half_Image(F.Filter_Gaussian1(F.Exp_Image(F.Img_Div(F.Filter_Gaussian4(F.Img_Div(R, B)), F.Exp_Image(F.Filter_Gaussian1(F.Half_Image(F.Img_Div(I, B)))))))))"
85,0.2909605914485988,0.406232295373646,0.27533333680186106,0.9630551111111112,0.2909605914485988,0.2938150984701067,"F.Log_Image(F.DY(F.DY(F.Filter_Gaussian1(F.Log_Image(F.Img_Div(F.Filter_Gaussian4(F.Img_Div(R, B)), F.Exp_Image(F.Filter_Gaussian1(F.Half_Image(F.Img_Div(I, B))))))))))"
86,0.06873623332525071,0.04450988434672574,0.19907176421023273,0.8228715,0.06873623332525071,0.014868569483386253,"F.Half_Image(F.Filter_Gaussian4(F.DX(F.Log_Image(F.Filter_Gaussian4(F.DY(F.Log_Image(F.Img_Sub(F.Img_Div(REG, I), F.Filter_Gaussian2(B)))))))))"
87,0.04063981330671395,0.027874055876713887,0.11199678548572256,0.825130111111111,0.04063981330671395,-0.007756747785990344,"F.Log_Image(F.Filter_Gaussian4(F.Img_Div(REG, R)))"
88,0.06402455842866246,0.03348722222222222,1.0,0.03348722222222222,0.06402455842866246,0.0,"F.Sqrt_Image(F.Filter_Gaussian2(F.Img_Sum(F.Exp_Image(F.Half_Image(F.Filter_Gaussian4(F.Half_Image(F.Filter_Gaussian1(F.DX(F.Filter_Gaussian3(F.Img_Sum(F.Img_Div(R, B), F.Img_Sum(B, G))))))))), F.Exp_Image(REG))))"
89,0.22292369645463797,0.38212543368951557,0.18596269566901577,0.9646102777777777,0.22292369645463797,0.23575809660303113,"F.Filter_Gaussian3(F.Sqrt_Image(F.DY(F.Log_Image(F.DX(F.Half_Image(F.Filter_Gaussian4(F.Img_Div(R, B))))))))"
90,0.29310775537968814,0.21952456016154767,0.5758140233136545,0.9160961666666667,0.29310775537968814,0.23287300878015796,"F.Log_Image(F.Filter_Gaussian4(F.DY(F.DX(F.Exp_Image(F.Sqrt_Image(F.DX(F.DY(F.Filter_Gaussian1(F.Log_Image(F.Filter_Gaussian4(F.Img_Div(R, B))))))))))))"
91,0.21093285751729055,0.2313984705039269,0.22802126036048156,0.9498291111111112,0.21093285751729055,0.18936948756646133,"F.Log_Image(F.DY(F.DY(F.Filter_Gaussian1(F.Half_Image(F.Img_Div(I, B))))))"
92,0.32560656915516445,0.30327734555160896,0.44715507953058925,0.9461566666666666,0.32560656915516445,0.2883437506818748,"F.Log_Image(F.Filter_Gaussian4(F.DX(F.DY(F.Filter_Gaussian1(F.Log_Image(F.Filter_Gaussian4(F.Img_Div(R, B))))))))"
93,0.09585596196327437,0.4561624077527215,0.06311851087937041,0.9668527777777777,0.09585596196327437,0.11463517920299045,"F.Half_Image(F.Filter_Gaussian4(F.Img_Div(R, B)))"
94,0.10850553790689489,0.40476937412059505,0.06671227199417297,0.9656671666666667,0.10850553790689489,0.12966252555548852,"F.DY(F.Filter_Gaussian1(F.Log_Image(F.Filter_Gaussian4(F.Img_Div(R, B)))))"
95,0.0008339432775404267,0.02837797619047619,0.00042929182341927433,0.9665259444444445,0.0008339432775404267,0.0011747324095374829,"F.Log_Image(F.Half_Image(F.Filter_Gaussian4(F.Img_Div(R, B))))"
96,0.053612357914167824,0.02965929747830921,0.40546759063456755,0.5163034444444444,0.05361235791416782,-0.005543243327865945,"F.Img_Sub(F.Log_Image(F.Half_Image(F.Filter_Gaussian1(F.Exp_Image(F.Img_Multi(F.Log_Image(F.Img_Div(G, NIR)), F.Img_Div(F.Filter_Gaussian4(R), F.Img_Multi(REG, F.Filter_Gaussian4(I)))))))), F.Sqrt_Image(B))"
97,0.11779799299561475,0.28547701756308475,0.08656794393906111,0.9637817777777777,0.11779799299561475,0.12723485313835292,"F.Log_Image(F.Filter_Gaussian4(F.Filter_Gaussian4(F.DX(F.Half_Image(F.Img_Div(I, B))))))"
98,0.24409901125084532,0.18539130228824113,0.4467497526327799,0.914413111111111,0.24409901125084535,0.18785866793628656,"F.Log_Image(F.Filter_Gaussian4(F.DX(F.DY(F.Filter_Gaussian1(F.Half_Image(F.Img_Div(I, B)))))))"
99,0.329838251459611,0.3579309677618373,0.38089780902122067,0.9531941666666667,0.32983825145961093,0.3102305633450387,"F.Filter_Gaussian4(F.Log_Image(F.Half_Image(F.Filter_Gaussian1(F.Exp_Image(F.Img_Div(F.Filter_Gaussian4(F.Img_Div(R, B)), F.Exp_Image(F.Filter_Gaussian4(I))))))))"
100,0.13101789943689043,0.08117057295390659,0.4537951111387972,0.7975033333333333,0.1310178994368904,0.06719027708271322,"F.Filter_Gaussian4(F.DX(F.Half_Image(F.Img_Div(I, B))))"
101,0.0,0.0,0.0,0.9665127777777778,0.0,0.0,"F.Img_Multi(F.Half_Image(F.Filter_Gaussian1(F.Filter_Gaussian2(F.Img_Multi(F.Filter_Gaussian5(F.Img_Div(I, NIR)), F.Img_Div(F.Sqrt_Image(F.DX(F.Img_Div(REG, B))), F.Filter_Gaussian2(B)))))), F.Log_Image(R))"
102,0.07141476703565322,0.03763802152861678,0.9755507828761952,0.14978466666666665,0.07141476703565322,0.00648267496696852,"F.Img_Sub(F.Filter_Gaussian1(F.Filter_Gaussian2(F.Log_Image(F.Img_Sum(F.Filter_Gaussian4(F.Img_Sub(F.Filter_Gaussian1(F.Log_Image(F.Img_Multi(F.Img_Div(I, NIR), F.Filter_Gaussian4(REG)))), F.Log_Image(R))), F.DX(G))))), F.Filter_Gaussian2(R))"
103,0.1807724682435027,0.19394137688844026,0.19877179768390438,0.9488342222222224,0.1807724682435027,0.15939256349689923,"F.Filter_Gaussian4(F.Filter_Gaussian4(F.Log_Image(F.Half_Image(F.Filter_Gaussian1(F.Exp_Image(F.Img_Div(F.Filter_Gaussian4(I), F.Filter_Gaussian4(F.DY(F.Filter_Gaussian4(F.Log_Image(F.Filter_Gaussian4(F.Img_Div(R, B)))))))))))))"
104,0.15231894719633482,0.40971989478582754,0.10263185082469711,0.9653106111111112,0.15231894719633482,0.17417207851939523,"F.Filter_Gaussian3(F.Log_Image(F.Half_Image(F.Filter_Gaussian1(F.DY(F.Filter_Gaussian1(F.Log_Image(F.Img_Div(R, B))))))))"
105,0.0,0.0,0.0,0.9665127777777778,0.0,0.0,"F.Filter_Gaussian4(F.Log_Image(F.Half_Image(F.Log_Image(F.Filter_Gaussian4(F.Img_Div(R, B))))))"
106,0.352152910782494,0.3764691946674716,0.408576431362668,0.9540567777777779,0.352152910782494,0.3327295910907594,"F.Filter_Gaussian4(F.Log_Image(F.Half_Image(F.Exp_Image(F.Img_Div(F.Filter_Gaussian4(F.Filter_Gaussian4(F.Img_Div(R, B))), F.Exp_Image(F.Filter_Gaussian1(F.Half_Image(F.Img_Div(I, B)))))))))"
107,0.34273318907903233,0.3436875822996754,0.43118046331329707,0.948714,0.34273318907903233,0.3128389035549547,"F.Log_Image(F.Half_Image(F.Filter_Gaussian1(F.Exp_Image(F.Img_Div(F.Half_Image(F.Filter_Gaussian1(F.Exp_Image(F.Img_Div(F.Filter_Gaussian4(F.Img_Div(R, B)), F.Exp_Image(F.Filter_Gaussian1(F.Half_Image(F.Img_Div(I, B)))))))), F.Exp_Image(F.Filter_Gaussian4(I)))))))"
108,0.0,0.0,0.0,0.9665127777777778,0.0,0.0,"F.Filter_Gaussian4(F.Log_Image(F.Half_Image(F.Filter_Gaussian1(F.Exp_Image(F.Img_Div(F.Filter_Gaussian4(I), F.Exp_Image(F.Filter_Gaussian4(I))))))))"
109,0.0,0.0,0.0,0.9665127777777778,0.0,0.0,"F.Filter_Gaussian4(F.Log_Image(F.Half_Image(F.Filter_Gaussian1(F.Exp_Image(F.Img_Div(F.Filter_Gaussian4(F.Img_Div(R, B)), F.Exp_Image(F.Filter_Gaussian4(F.Img_Div(R, B)))))))))"
110,0.3578597499983121,0.3662631897404411,0.43770065670788777,0.9512697222222224,0.3578597499983121,0.33120068495441646,"F.Filter_Gaussian3(F.Log_Image(F.Half_Image(F.Filter_Gaussian1(F.Exp_Image(F.Filter_Gaussian4(F.Img_Div(R, B)))))))"
111,0.1914857826533024,0.4566949879015678,0.14491819891233562,0.9658115555555555,0.1914857826533024,0.212880357936763,"F.Log_Image(F.Img_Div(F.Filter_Gaussian4(F.Img_Div(R, B)), F.Exp_Image(F.Filter_Gaussian4(I))))"
112,0.00012132786424358284,0.012122362039054113,6.128039563171072e-05,0.96601,0.00012132786424358284,-0.0012675752136962909,"F.Img_Sub(F.Log_Image(F.Img_Div(B, I)), F.Exp_Image(I))"
113,0.0037568474842951493,0.06420438236000042,0.001982117608165125,0.9665555555555555,0.0037568474842951493,0.005103597077417192,"F.Log_Image(F.Sqrt_Image(F.DX(F.Log_Image(F.Img_Div(F.Filter_Gaussian4(F.Img_Div(R, B)), F.Exp_Image(F.Log_Image(F.Filter_Gaussian4(F.Img_Div(R, B)))))))))"
114,0.14189215293137306,0.25938644102087866,0.10955613138095018,0.960683,0.14189215293137308,0.14550207181150002,"F.Log_Image(F.DX(F.Filter_Gaussian1(F.Half_Image(F.Img_Div(I, B)))))"
115,0.05624885309717223,0.2921887560483218,0.03351738826538884,0.9654633333333333,0.05624885309717223,0.06721019340960444,"F.Filter_Gaussian1(F.Half_Image(F.Img_Div(I, B)))"
116,0.32414295063879367,0.3009082918886348,0.42412503132169166,0.9466018333333333,0.32414295063879367,0.28750567810855054,"F.Filter_Gaussian3(F.Sqrt_Image(F.DY(F.Filter_Gaussian1(F.Log_Image(F.Img_Div(R, B))))))"
117,0.2617076266594992,0.3864652382700396,0.23212781767923815,0.9618112222222223,0.2617076266594992,0.26654851811080194,"F.Log_Image(F.Sqrt_Image(F.DX(F.DY(F.Filter_Gaussian1(F.Log_Image(F.Filter_Gaussian4(F.Img_Div(R, B))))))))"
118,0.0,0.0,0.0,0.9665127777777778,0.0,0.0,"F.Log_Image(F.Filter_Gaussian4(F.Log_Image(F.Sqrt_Image(F.DX(F.Filter_Gaussian4(F.Img_Div(R, B)))))))"
119,0.06413671303473936,0.03355152929173619,0.9980311094678782,0.03738388888888889,0.06413671303473936,0.0001007731210355911,"F.Img_Div(R, B)"
120,0.0,0.0,0.0,0.9665127777777778,0.0,0.0,"F.Log_Image(F.Img_Multi(F.Img_Sum(F.Filter_Gaussian1(F.Img_Div(F.Exp_Image(F.DX(F.Img_Div(F.DY(F.Filter_Gaussian2(F.Half_Image(F.Img_Div(B, B)))), F.Exp_Image(REG)))), F.DX(F.Filter_Gaussian1(F.Half_Image(F.Img_Div(B, R)))))), F.Log_Image(B)), F.Img_Multi(B, F.Filter_Gaussian5(I))))"
121,0.3140447290040511,0.35428567681786993,0.3462293793480491,0.9567846666666666,0.3140447290040511,0.2978677246631593,"F.Filter_Gaussian4(F.Log_Image(F.Half_Image(F.Filter_Gaussian1(F.Exp_Image(F.DX(F.Exp_Image(F.Log_Image(F.DY(F.Filter_Gaussian1(F.Log_Image(F.Filter_Gaussian4(F.Img_Div(R, B)))))))))))))"
122,0.23773131633265698,0.2519756981353692,0.26542863816104156,0.9497609444444444,0.23773131633265698,0.21387727083200603,"F.Log_Image(F.Log_Image(F.Filter_Gaussian4(F.Filter_Gaussian4(F.DY(F.Exp_Image(F.Half_Image(F.Img_Div(R, B))))))))"
123,0.06402455842866246,0.03348722222222222,1.0,0.03348722222222222,0.06402455842866246,0.0,"F.Exp_Image(F.Img_Div(F.Filter_Gaussian4(F.Img_Div(R, B)), F.Exp_Image(F.Filter_Gaussian4(I))))"
124,0.0,0.0,0.0,0.9665127777777778,0.0,0.0,"F.Filter_Gaussian4(F.Log_Image(F.Half_Image(F.Img_Div(I, B))))"
125,0.0,0.0,0.0,0.9665127777777778,0.0,0.0,"F.Log_Image(F.Img_Div(F.Filter_Gaussian4(F.Img_Sum(NIR, R)), F.DY(F.Filter_Gaussian1(F.Half_Image(F.Img_Multi(B, G))))))"
126,0.06410562874057828,0.03548473474456887,0.4571116374579061,0.5699452222222222,0.06410562874057828,0.0030202291887143603,"F.Filter_Gaussian1(F.Filter_Gaussian4(F.DY(F.Sqrt_Image(F.Img_Div(F.Img_Div(F.Filter_Gaussian1(F.Half_Image(F.Img_Div(G, REG))), F.Half_Image(G)), F.Exp_Image(NIR))))))"
127,0.0,0.0,0.0,0.9665127777777778,0.0,0.0,"F.Filter_Gaussian4(F.Log_Image(F.Half_Image(F.Img_Multi(F.Exp_Image(F.Img_Sub(F.Filter_Gaussian4(F.Img_Div(R, G)), F.Filter_Gaussian1(F.Img_Div(REG, F.Img_Multi(REG, R))))), F.Img_Sub(G, F.Exp_Image(R))))))"
128,0.05834786696085847,0.032502167088455464,0.3796623082486682,0.5848417777777777,0.05834786696085848,-0.0015997995809965404,"F.Log_Image(F.DX(F.Img_Sum(F.Exp_Image(F.Img_Div(F.Filter_Gaussian4(F.Img_Div(B, G)), F.DY(F.DX(F.Half_Image(F.Img_Div(B, G)))))), F.Filter_Gaussian4(NIR))))"
129,0.1663566047599648,0.4003175283593093,0.11615662690736459,0.964361888888889,0.1663566047599648,0.18639186445389633,"F.Log_Image(F.DX(F.Log_Image(F.Filter_Gaussian4(F.Img_Div(R, B)))))"
130,0.329838251459611,0.3579309677618373,0.38089780902122067,0.9531941666666667,0.32983825145961093,0.3102305633450387,"F.Filter_Gaussian4(F.Log_Image(F.Half_Image(F.Filter_Gaussian1(F.Exp_Image(F.Img_Div(F.Filter_Gaussian4(F.Img_Div(R, B)), F.Exp_Image(F.Filter_Gaussian4(I))))))))"
131,0.1170674133259962,0.3876101306881563,0.07544130781473016,0.9666075000000001,0.1170674133259962,0.1392929031215341,"F.Filter_Gaussian1(F.DY(F.Filter_Gaussian1(F.Log_Image(F.Filter_Gaussian4(F.Img_Div(F.Filter_Gaussian4(F.Img_Div(R, B)), F.Exp_Image(F.Filter_Gaussian1(F.Half_Image(F.Img_Div(I, B))))))))))"
132,0.29210846498850734,0.24039947673235076,0.45660965963656125,0.9303746111111111,0.29210846498850734,0.24281118230490947,"F.Log_Image(F.Half_Image(F.Filter_Gaussian1(F.Exp_Image(F.Img_Div(R, B)))))"
133,0.06402455842866246,0.03348722222222222,1.0,0.03348722222222222,0.06402455842866246,0.0,"F.Filter_Gaussian4(F.Exp_Image(F.Half_Image(F.Filter_Gaussian1(F.Filter_Gaussian1(F.Img_Multi(F.Sqrt_Image(F.Filter_Gaussian3(NIR)), F.Img_Sum(F.Filter_Gaussian4(G), F.Sqrt_Image(I))))))))"
134,0.0592459693972339,0.2738996041314667,0.03627445224183524,0.9656292222222222,0.0592459693972339,0.07012907989792641,"F.Filter_Gaussian4(F.Log_Image(F.Half_Image(F.DY(F.Exp_Image(F.Filter_Gaussian4(F.Log_Image(F.Filter_Gaussian4(F.Filter_Gaussian4(F.DX(F.Half_Image(F.Img_Div(I, B))))))))))))"
135,0.06402455842866246,0.03348722222222222,1.0,0.03348722222222222,0.06402455842866246,0.0,"F.Filter_Gaussian1(F.Filter_Gaussian1(F.Exp_Image(F.Img_Div(F.Filter_Gaussian4(F.Img_Div(R, B)), F.Exp_Image(F.Filter_Gaussian4(I))))))"
136,0.0,0.0,0.0,0.9665127777777778,0.0,0.0,F.Filter_Gaussian4(F.Half_Image(F.Filter_Gaussian3(F.Filter_Gaussian1(F.Half_Image(F.Sqrt_Image(F.Filter_Gaussian4(F.Filter_Gaussian5(REG))))))))
137,0.14189215293137306,0.25938644102087866,0.10955613138095018,0.960683,0.14189215293137308,0.14550207181150002,"F.Log_Image(F.DX(F.Filter_Gaussian1(F.Half_Image(F.Img_Div(I, B)))))"
138,0.2857225133383162,0.20989454823189782,0.5854689290705205,0.9111939444444446,0.2857225133383162,0.22386089211722193,"F.Log_Image(F.Filter_Gaussian4(F.DX(F.DY(F.Sqrt_Image(F.DX(F.DY(F.Filter_Gaussian1(F.Log_Image(F.DY(F.Filter_Gaussian1(F.Log_Image(F.Filter_Gaussian4(F.Img_Div(R, B))))))))))))))"
139,0.1204465847228553,0.2741738372112814,0.085163574272121,0.9626196666666667,0.12044658472285531,0.12913585716563972,"F.Filter_Gaussian1(F.DY(F.Filter_Gaussian1(F.Filter_Gaussian1(F.Half_Image(F.Img_Div(I, B))))))"
140,0.18224061510728665,0.27924611779430675,0.15385362815474277,0.9590128333333334,0.18224061510728665,0.1826326922253505,"F.Log_Image(F.Img_Div(R, B))"
141,0.21068526183545633,0.1852275497102404,0.2981030923889763,0.9316960000000001,0.21068526183545633,0.16967381922474242,"F.Log_Image(F.Half_Image(F.Filter_Gaussian1(F.Exp_Image(F.Img_Div(F.Filter_Gaussian4(F.Filter_Gaussian4(F.DX(F.DY(F.Filter_Gaussian1(F.Half_Image(F.Img_Div(I, B))))))), F.Exp_Image(F.Filter_Gaussian1(F.Half_Image(F.Img_Div(I, B)))))))))"
142,0.3272891304123241,0.3272486903344945,0.4093124843312068,0.9514131111111109,0.3272891304123241,0.2984140862040774,"F.Log_Image(F.DX(F.Sqrt_Image(F.DX(F.DY(F.Filter_Gaussian1(F.Log_Image(F.DY(F.Filter_Gaussian1(F.Log_Image(F.Filter_Gaussian4(F.Img_Div(R, B))))))))))))"
143,0.3294565321080644,0.3419480594280212,0.39895412142120945,0.9502335555555556,0.3294565321080644,0.3035266581496161,"F.Log_Image(F.Half_Image(F.Filter_Gaussian1(F.Exp_Image(F.Img_Div(F.Filter_Gaussian4(F.Img_Div(R, B)), F.Exp_Image(F.Filter_Gaussian4(I)))))))"
144,0.3442506361264895,0.3539847262714757,0.4178716927523626,0.9510988333333333,0.3442506361264895,0.3190261398050272,"F.Filter_Gaussian4(F.Log_Image(F.Half_Image(F.Filter_Gaussian1(F.Exp_Image(F.Img_Div(F.Half_Image(F.Filter_Gaussian1(F.Exp_Image(F.Img_Div(F.Filter_Gaussian4(F.Img_Div(R, B)), F.Exp_Image(F.Filter_Gaussian1(F.Half_Image(F.Img_Div(I, B)))))))), F.Exp_Image(F.Filter_Gaussian4(I))))))))"
145,0.20291432716065255,0.46302953591811014,0.15504085623544508,0.9660078888888889,0.20291432716065255,0.22490262160303184,"F.Log_Image(F.Filter_Gaussian4(F.Img_Div(R, B)))"
146,0.3553291837907716,0.3613743727709793,0.4366906985456835,0.9506171666666667,0.3553291837907716,0.3277178462434026,"F.Log_Image(F.Half_Image(F.Filter_Gaussian1(F.Exp_Image(F.Img_Div(F.Filter_Gaussian4(F.Img_Div(R, B)), F.Exp_Image(F.Filter_Gaussian1(F.Half_Image(F.Img_Div(I, B)))))))))"
147,0.12776563217133646,0.07154570628899429,0.7808029011696934,0.6457139444444445,0.12776563217133646,0.05725348958719617,"F.Log_Image(F.DY(F.DY(F.Log_Image(F.DY(F.Filter_Gaussian1(F.Exp_Image(F.Img_Div(F.Half_Image(F.Filter_Gaussian1(F.Exp_Image(F.Img_Div(F.Filter_Gaussian4(F.Img_Div(R, B)), F.Exp_Image(F.Filter_Gaussian4(I)))))), F.Exp_Image(F.Filter_Gaussian4(I))))))))))"
148,0.0,0.0,0.0,0.9665127777777778,0.0,0.0,"F.Filter_Gaussian4(F.Log_Image(F.Filter_Gaussian4(F.Log_Image(F.Half_Image(F.Filter_Gaussian1(F.Log_Image(F.Filter_Gaussian4(F.Img_Div(R, B)))))))))"
149,0.0821981058116701,0.044466480661856086,0.8007782245044972,0.39549211111111116,0.08219810581167009,0.01669942085541768,"F.Filter_Gaussian4(F.Img_Div(F.Half_Image(F.DY(F.Exp_Image(F.Img_Div(F.Filter_Gaussian4(F.Filter_Gaussian1(REG)), F.Filter_Gaussian5(F.Filter_Gaussian4(REG)))))), F.Img_Multi(R, G)))"
150,0.06419859405407997,0.033589086558719956,0.9957246053771045,0.04006266666666667,0.06419859405407997,0.00016182184545552702,"F.Log_Image(F.DX(F.Filter_Gaussian4(F.DY(F.Exp_Image(F.DX(F.Img_Div(REG, B)))))))"
151,0.05551703001842445,0.031106078045179605,0.3523855965648445,0.6012426111111111,0.055517030018424444,-0.0036313685467233175,"F.Img_Multi(F.DY(F.Filter_Gaussian4(F.Filter_Gaussian1(F.Exp_Image(F.Img_Div(F.Img_Multi(G, I), F.DY(I)))))), F.Filter_Gaussian4(REG))"
152,0.0730376492601759,0.04308279804102174,0.3249768436331273,0.7250803888888889,0.0730376492601759,0.013776485375133665,"F.Log_Image(F.Half_Image(F.Exp_Image(F.Exp_Image(F.Filter_Gaussian4(F.DX(F.Img_Div(B, G)))))))"
153,0.059021300261997825,0.0355867882537913,0.25446614381055266,0.7229377777777778,0.059021300261997825,0.0025592224835552886,"F.Filter_Gaussian4(F.Log_Image(F.Half_Image(F.Filter_Gaussian1(F.Exp_Image(F.DX(F.Exp_Image(F.Log_Image(F.Filter_Gaussian2(F.Filter_Gaussian1(F.Log_Image(F.Img_Sum(F.Img_Div(REG, G), F.DY(NIR)))))))))))))"
154,0.0004476141592398325,0.020285714285714285,0.00023072578472629941,0.9665107222222222,0.00044761415923983257,0.0006150803632682062,"F.Filter_Gaussian4(F.Log_Image(F.Half_Image(F.Filter_Gaussian1(F.Exp_Image(F.Filter_Gaussian1(F.Half_Image(F.Img_Div(I, B))))))))"
155,0.0,0.0,0.0,0.9665127777777778,0.0,0.0,"F.Log_Image(F.Half_Image(F.Filter_Gaussian1(F.Exp_Image(F.Img_Div(F.Filter_Gaussian4(F.Img_Div(R, B)), F.Exp_Image(F.Img_Div(F.Filter_Gaussian4(F.Img_Div(R, B)), F.Exp_Image(F.Filter_Gaussian4(I)))))))))"
156,0.0,0.0,0.0,0.9665127777777778,0.0,0.0,"F.Log_Image(F.DY(F.DY(F.Log_Image(F.DY(F.Filter_Gaussian1(F.Log_Image(F.Filter_Gaussian1(F.Log_Image(F.Filter_Gaussian4(F.Img_Div(R, B)))))))))))"
157,0.06348909899410586,0.03480628210622576,0.5008406963800696,0.5157113888888889,0.06348909899410587,0.002018655286269469,"F.DY(F.Filter_Gaussian4(F.Img_Div(R, B)))"
158,0.3272891304123241,0.3272486903344945,0.4093124843312068,0.9514131111111109,0.3272891304123241,0.2984140862040774,"F.Log_Image(F.DX(F.Sqrt_Image(F.DX(F.DY(F.Filter_Gaussian1(F.Log_Image(F.DY(F.Filter_Gaussian1(F.Log_Image(F.Filter_Gaussian4(F.Img_Div(R, B))))))))))))"
159,0.18224061510728665,0.27924611779430675,0.15385362815474277,0.9590128333333334,0.18224061510728665,0.1826326922253505,"F.Log_Image(F.Img_Div(R, B))"
160,0.07753473954579315,0.043027829558390816,0.5394610717661248,0.5798770000000001,0.07753473954579315,0.014332453498512157,F.Filter_Gaussian3(F.Sqrt_Image(F.DY(F.Filter_Gaussian4(I))))
161,0.17591939450851504,0.19932653621824376,0.1820429583201707,0.9485827222222223,0.17591939450851504,0.1553976784808875,"F.Filter_Gaussian4(F.Log_Image(F.Half_Image(F.Filter_Gaussian1(F.Exp_Image(F.DX(F.Exp_Image(F.Log_Image(F.Half_Image(F.Img_Div(I, B))))))))))"
162,0.0,0.0,0.0,0.9665127777777778,0.0,0.0,F.Half_Image(F.DY(F.Filter_Gaussian4(F.Filter_Gaussian2(F.Filter_Gaussian1(F.Exp_Image(F.DY(F.DX(F.Filter_Gaussian1(F.Half_Image(F.Log_Image(F.Filter_Gaussian4(F.Filter_Gaussian2(G)))))))))))))
163,0.0733991060361266,0.039539076792519785,0.6916225480194,0.40723699999999996,0.07339910603612661,0.00921919851390463,"F.Log_Image(F.Half_Image(F.Filter_Gaussian1(F.Exp_Image(F.Img_Div(F.Filter_Gaussian2(F.Img_Div(G, NIR)), F.Filter_Gaussian4(F.Filter_Gaussian1(F.Filter_Gaussian4(F.Half_Image(I)))))))))"
164,0.21035887459620517,0.1773263991608654,0.31316166938582846,0.9268543333333333,0.21035887459620517,0.16608851033362929,"F.Log_Image(F.DY(F.DY(F.Filter_Gaussian1(F.Exp_Image(F.Half_Image(F.Img_Div(I, B)))))))"
165,0.0,0.0,0.0,0.9665127777777778,0.0,0.0,"F.Filter_Gaussian4(F.Log_Image(F.Half_Image(F.Filter_Gaussian1(F.Exp_Image(F.Img_Div(F.Filter_Gaussian4(F.Img_Div(R, B)), F.DY(F.Filter_Gaussian1(F.Log_Image(F.DY(F.Filter_Gaussian1(F.Log_Image(F.Filter_Gaussian4(F.Img_Div(R, B))))))))))))))"
166,0.07020222794466006,0.050258844373898555,0.1713414929205915,0.8495018888888888,0.07020222794466006,0.020859426713280324,F.Log_Image(F.DX(F.Sqrt_Image(F.DX(F.Exp_Image(F.Filter_Gaussian4(I))))))
167,0.07048449563960454,0.04049614134429577,0.3883849631693865,0.6406801666666666,0.07048449563960454,0.010091598019049592,"F.Sqrt_Image(F.Sqrt_Image(F.Img_Multi(F.DX(F.Filter_Gaussian1(F.Img_Div(F.Filter_Gaussian3(F.Img_Div(R, I)), F.Img_Div(G, I)))), F.Img_Div(NIR, F.Filter_Gaussian4(R)))))"
168,0.3365081197870069,0.2979768163547125,0.4735354009539067,0.9420040000000001,0.3365081197870068,0.2935894629041054,"F.Filter_Gaussian3(F.Sqrt_Image(F.DY(F.Log_Image(F.Img_Div(F.Filter_Gaussian4(F.Half_Image(F.Filter_Gaussian1(F.Exp_Image(F.Img_Div(F.Filter_Gaussian4(F.Img_Div(R, B)), F.Exp_Image(F.Filter_Gaussian1(F.Half_Image(F.Img_Div(I, B))))))))), F.Exp_Image(F.Filter_Gaussian1(F.Half_Image(F.Img_Div(I, B)))))))))"
169,0.3019675864325262,0.36865573449819244,0.3092839773170318,0.9587802777777779,0.3019675864325262,0.29308737789901124,"F.Log_Image(F.Half_Image(F.Filter_Gaussian1(F.Exp_Image(F.Sqrt_Image(F.DX(F.DY(F.Filter_Gaussian1(F.Log_Image(F.Filter_Gaussian4(F.Img_Div(R, B)))))))))))"
170,0.0,0.0,0.0,0.9665127777777778,0.0,0.0,"F.Filter_Gaussian4(F.Log_Image(F.Half_Image(F.Filter_Gaussian1(F.Exp_Image(F.Img_Div(F.Half_Image(F.Filter_Gaussian1(F.Exp_Image(F.Filter_Gaussian4(F.Log_Image(F.Filter_Gaussian4(F.Img_Div(R, B))))))), F.Exp_Image(F.Filter_Gaussian4(I))))))))"
171,0.02594422102293147,0.014344161989853485,0.19749141860037,0.5084895,0.02594422102293147,-0.02920721502301707,"F.Filter_Gaussian4(F.Filter_Gaussian4(F.Log_Image(F.Half_Image(F.Filter_Gaussian1(F.Exp_Image(F.Img_Div(F.Filter_Gaussian4(I), F.Filter_Gaussian4(F.DY(F.Img_Div(F.Filter_Gaussian4(F.Img_Div(R, B)), F.Exp_Image(F.Filter_Gaussian4(I))))))))))))"
172,0.23065406304089714,0.2434849961151837,0.2657770879404798,0.9503583333333333,0.23065406304089714,0.2067463786620162,"F.Log_Image(F.Filter_Gaussian4(F.DX(F.Exp_Image(F.Log_Image(F.Filter_Gaussian4(F.DY(F.Exp_Image(F.Filter_Gaussian1(F.Half_Image(F.Img_Div(I, B)))))))))))"
173,0.329838251459611,0.3579309677618373,0.38089780902122067,0.9531941666666667,0.32983825145961093,0.3102305633450387,"F.Filter_Gaussian4(F.Log_Image(F.Half_Image(F.Filter_Gaussian1(F.Exp_Image(F.Img_Div(F.Filter_Gaussian4(F.Img_Div(R, B)), F.Exp_Image(F.Filter_Gaussian4(I))))))))"
174,0.013269284745343978,0.22140247872871321,0.007044381013169577,0.9665113888888888,0.013269284745343977,0.01763009227158029,"F.Log_Image(F.Half_Image(F.Filter_Gaussian1(F.Half_Image(F.DY(F.Filter_Gaussian4(F.Half_Image(F.Img_Div(I, B))))))))"
175,0.02390606877279743,0.0470444559184198,0.021132815361661065,0.9520138333333332,0.02390606877279743,0.006697174288489408,"F.Filter_Gaussian3(F.Log_Image(F.Half_Image(F.Filter_Gaussian1(F.DY(F.Img_Sum(F.Log_Image(F.Sqrt_Image(G)), F.Img_Multi(R, NIR)))))))"
176,0.329838251459611,0.3579309677618373,0.38089780902122067,0.9531941666666667,0.32983825145961093,0.3102305633450387,"F.Filter_Gaussian4(F.Log_Image(F.Half_Image(F.Filter_Gaussian1(F.Exp_Image(F.Img_Div(F.Filter_Gaussian4(F.Img_Div(R, B)), F.Exp_Image(F.Filter_Gaussian4(I))))))))"
177,0.20291432716065255,0.46302953591811014,0.15504085623544508,0.9660078888888889,0.20291432716065255,0.22490262160303184,"F.Log_Image(F.Filter_Gaussian4(F.Img_Div(R, B)))"
178,0.0,0.0,0.0,0.9665127777777778,0.0,0.0,"F.Log_Image(F.Filter_Gaussian4(F.DX(F.Exp_Image(F.Filter_Gaussian3(F.Filter_Gaussian4(F.Filter_Gaussian1(F.Filter_Gaussian1(F.Exp_Image(F.Img_Div(F.Filter_Gaussian4(F.Filter_Gaussian1(I)), F.Sqrt_Image(F.Filter_Gaussian1(F.DX(F.Img_Div(I, I))))))))))))))"
179,0.010541366806095704,0.37996471011664185,0.005445018604295677,0.9665106111111111,0.010541366806095707,0.014236813799285602,"F.Log_Image(F.Half_Image(F.Filter_Gaussian1(F.Img_Div(R, B))))"
180,0.09585596196327437,0.4561624077527215,0.06311851087937041,0.9668527777777777,0.09585596196327437,0.11463517920299045,"F.Half_Image(F.Filter_Gaussian4(F.Img_Div(R, B)))"
181,0.14726146609708496,0.08535825748561736,0.6917485905276157,0.737281,0.14726146609708496,0.07646842675925822,"F.Log_Image(F.DY(F.DY(F.Filter_Gaussian1(F.Exp_Image(F.Img_Div(F.Half_Image(F.Filter_Gaussian1(F.Exp_Image(F.Img_Div(F.Filter_Gaussian4(F.Img_Div(R, B)), F.Exp_Image(F.Filter_Gaussian4(I)))))), F.Exp_Image(F.Filter_Gaussian4(I))))))))"
182,0.06410195931036844,0.03353338197302494,0.9975125884142648,0.03735694444444444,0.06410195931036843,7.221333868720536e-05,"F.Img_Div(I, B)"
183,0.0,0.0,0.0,0.9665127777777778,0.0,0.0,"F.Log_Image(F.DY(F.Filter_Gaussian5(F.Img_Multi(F.Filter_Gaussian5(F.Filter_Gaussian4(F.Sqrt_Image(G))), F.Filter_Gaussian3(R)))))"
184,0.028551049533929392,0.3435354297400665,0.015631987976133566,0.9663368333333332,0.028551049533929392,0.03670198123614813,"F.Filter_Gaussian3(F.Log_Image(F.Half_Image(F.Log_Image(F.Half_Image(F.Filter_Gaussian1(F.Exp_Image(F.Img_Div(F.DX(F.Half_Image(F.Img_Div(I, B))), F.Exp_Image(F.Filter_Gaussian1(F.Half_Image(F.Img_Div(I, B))))))))))))"
185,0.2326125939684007,0.27412076720995765,0.23292735147217025,0.9531433333333333,0.2326125939684007,0.21790251270779287,"F.Filter_Gaussian1(F.DY(F.Filter_Gaussian1(F.Log_Image(F.Img_Div(R, B)))))"
186,0.06402455842866246,0.03348722222222222,1.0,0.03348722222222222,0.06402455842866246,0.0,F.Exp_Image(F.Filter_Gaussian4(I))
187,0.18224061510728665,0.27924611779430675,0.15385362815474277,0.9590128333333334,0.18224061510728665,0.1826326922253505,"F.Log_Image(F.Img_Div(R, B))"
188,0.3294565321080644,0.3419480594280212,0.39895412142120945,0.9502335555555556,0.3294565321080644,0.3035266581496161,"F.Log_Image(F.Half_Image(F.Filter_Gaussian1(F.Exp_Image(F.Img_Div(F.Filter_Gaussian4(F.Img_Div(R, B)), F.Exp_Image(F.Filter_Gaussian4(I)))))))"
189,0.06345654833833718,0.03325270668425566,0.9520886967428953,0.0708253888888889,0.06345654833833718,-0.00029193187238702454,"F.Log_Image(F.Filter_Gaussian4(F.DY(F.Sqrt_Image(F.DY(F.Img_Div(F.Img_Div(NIR, REG), F.DY(REG)))))))"
190,0.3294565321080644,0.3419480594280212,0.39895412142120945,0.9502335555555556,0.3294565321080644,0.3035266581496161,"F.Log_Image(F.Half_Image(F.Filter_Gaussian1(F.Exp_Image(F.Img_Div(F.Filter_Gaussian4(F.Img_Div(R, B)), F.Exp_Image(F.Filter_Gaussian4(I)))))))"
191,0.21297509355446045,0.18707800981558848,0.30609633461637736,0.9323087777777778,0.21297509355446045,0.17296497382537265,"F.Filter_Gaussian4(F.Filter_Gaussian1(F.DY(F.Filter_Gaussian1(F.DY(F.DY(F.Filter_Gaussian1(F.Log_Image(F.Filter_Gaussian4(F.Img_Div(R, B))))))))))"
192,0.0,0.0,0.0,0.9665127777777778,0.0,0.0,"F.Log_Image(F.Half_Image(F.Img_Multi(F.Log_Image(F.Img_Div(F.Filter_Gaussian4(F.Filter_Gaussian1(REG)), F.Exp_Image(F.Img_Div(F.Filter_Gaussian1(F.Filter_Gaussian5(I)), F.Filter_Gaussian5(REG))))), F.Filter_Gaussian2(I))))"
193,0.0,0.0,0.0,0.9665127777777778,0.0,0.0,F.Log_Image(F.Sqrt_Image(F.Filter_Gaussian2(REG)))
194,0.05964781562105639,0.42382708455429297,0.0338249292781477,0.9663933888888888,0.05964781562105639,0.07573778350727352,"F.DX(F.Filter_Gaussian1(F.Half_Image(F.Filter_Gaussian4(F.Img_Div(R, B)))))"
195,0.1576825646734061,0.12216267604937212,0.26296763111487353,0.9111383333333333,0.1576825646734061,0.108617045517516,"F.Half_Image(F.DY(F.Filter_Gaussian4(F.Img_Div(R, B))))"
196,0.16927710773048113,0.3409129383647922,0.13209866809116377,0.9631852222222221,0.16927710773048113,0.18064650102048488,"F.Filter_Gaussian4(F.Log_Image(F.Half_Image(F.Filter_Gaussian1(F.Exp_Image(F.Img_Div(F.Filter_Gaussian4(F.DX(F.Exp_Image(F.Log_Image(F.Filter_Gaussian4(F.Img_Div(I, B)))))), F.Exp_Image(F.Filter_Gaussian4(I))))))))"
197,0.21068526183545633,0.1852275497102404,0.2981030923889763,0.9316960000000001,0.21068526183545633,0.16967381922474242,"F.Log_Image(F.Half_Image(F.Filter_Gaussian1(F.Exp_Image(F.Img_Div(F.Filter_Gaussian4(F.Filter_Gaussian4(F.DX(F.DY(F.Filter_Gaussian1(F.Half_Image(F.Img_Div(I, B))))))), F.Exp_Image(F.Filter_Gaussian1(F.Half_Image(F.Img_Div(I, B)))))))))"
198,0.30729097449036186,0.3566940528367974,0.32739582008632423,0.9577366666666666,0.30729097449036186,0.2943334945310124,"F.Log_Image(F.DX(F.Sqrt_Image(F.DX(F.DY(F.Filter_Gaussian1(F.Filter_Gaussian1(F.Log_Image(F.Filter_Gaussian4(F.Img_Div(R, B))))))))))"
199,0.06410195931036844,0.03353338197302494,0.9975125884142648,0.03735694444444444,0.06410195931036843,7.221333868720536e-05,"F.Img_Div(I, B)"
200,0.35609379880876985,0.3545339887961827,0.4474404125115995,0.9496059444444443,0.35609379880876985,0.3260505785243483,"F.Log_Image(F.Half_Image(F.Filter_Gaussian1(F.Exp_Image(F.Img_Div(F.Filter_Gaussian4(F.Img_Div(R, B)), F.Exp_Image(F.Filter_Gaussian1(F.Half_Image(F.Log_Image(F.Filter_Gaussian4(F.Img_Div(R, B)))))))))))"
Average,0.09369911674677572,,,,,
Max,0.3369776628598916,,53,,,
